NodeID,Nodename,degree_centrality
0,hydra/core/__init__.py,0.4412
1,hydra/_internal/hydra.py,0.3824
2,hydra/types.py,0.3382
3,hydra/_internal/utils.py,0.3235
4,hydra/core/plugins.py,0.2794
5,hydra/_internal/config_loader_impl.py,0.2647
6,hydra/plugins/__init__.py,0.2500
7,hydra/plugins/config_source.py,0.2500
8,hydra/errors.py,0.2206
9,hydra/core/utils.py,0.2206
10,hydra/core/config_loader.py,0.2059
11,hydra/plugins/completion_plugin.py,0.2059
12,hydra/core/object_type.py,0.1912
13,hydra/core/override_parser/types.py,0.1912
14,hydra/_internal/core_plugins/basic_sweeper.py,0.1765
15,hydra/_internal/__init__.py,0.1765
16,hydra/_internal/defaults_list.py,0.1618
17,hydra/core/global_hydra.py,0.1471
18,hydra/initialize.py,0.1471
19,hydra/core/override_parser/overrides_parser.py,0.1471
20,hydra/core/singleton.py,0.1471
21,hydra/utils.py,0.1471
22,hydra/_internal/config_repository.py,0.1471
23,hydra/core/config_store.py,0.1324
24,hydra/__init__.py,0.1324
25,hydra/test_utils/test_utils.py,0.1324
26,hydra/plugins/launcher.py,0.1324
27,hydra/plugins/plugin.py,0.1176
28,hydra/core/config_search_path.py,0.1176
29,hydra/_internal/callbacks.py,0.1029
30,hydra/main.py,0.1029
31,hydra/core/override_parser/overrides_visitor.py,0.1029
32,hydra/core/default_element.py,0.1029
33,hydra/_internal/grammar/functions.py,0.1029
34,hydra/extra/pytest_plugin.py,0.0882
35,hydra/plugins/sweeper.py,0.0882
36,hydra/_internal/sources_registry.py,0.0882
37,hydra/plugins/search_path_plugin.py,0.0882
38,hydra/_internal/core_plugins/basic_launcher.py,0.0882
39,hydra/core/override_parser/__init__.py,0.0735
40,hydra/_internal/core_plugins/zsh_completion.py,0.0735
41,hydra/conf/__init__.py,0.0735
42,hydra/compose.py,0.0735
43,hydra/_internal/grammar/grammar_functions.py,0.0735
44,hydra/experimental/initialize.py,0.0735
45,hydra/test_utils/config_source_common_tests.py,0.0735
46,hydra/_internal/core_plugins/structured_config_source.py,0.0735
47,hydra/_internal/core_plugins/file_config_source.py,0.0588
48,hydra/_internal/instantiate/_instantiate2.py,0.0588
49,hydra/core/hydra_config.py,0.0588
50,hydra/_internal/core_plugins/importlib_resources_config_source.py,0.0588
51,hydra/_internal/grammar/utils.py,0.0588
52,hydra/_internal/config_search_path_impl.py,0.0588
53,hydra/_internal/grammar/__init__.py,0.0441
54,hydra/test_utils/launcher_common_tests.py,0.0441
55,hydra/_internal/core_plugins/bash_completion.py,0.0441
56,hydra/experimental/compose.py,0.0294
57,hydra/experimental/callback.py,0.0294
58,hydra/_internal/core_plugins/fish_completion.py,0.0294
59,hydra/experimental/__init__.py,0.0294
60,hydra/test_utils/a_module.py,0.0147
61,hydra/test_utils/completion.py,0.0147
62,hydra/test_utils/example_app.py,0.0147
63,hydra/test_utils/__init__.py,0.0147
64,hydra/_internal/instantiate/__init__.py,0.0147
65,hydra/test_utils/configs/package_tests/__init__.py,0.0000
66,hydra/grammar/__init__.py,0.0000
67,hydra/test_utils/configs/__init__.py,0.0000
68,hydra/_internal/core_plugins/__init__.py,0.0000
